host,ip,port,protocol,title,domain,country,city,link,as_organization
https://138.2.5.249,138.2.5.249,443,https,,,JP,Tokyo,https://138.2.5.249,ORACLE-BMC-31898
https://155.248.176.213,155.248.176.213,443,https,,,JP,Tokyo,https://155.248.176.213,ORACLE-BMC-31898
https://138.2.18.217,138.2.18.217,443,https,,,JP,Tokyo,https://138.2.18.217,ORACLE-BMC-31898
https://131.186.37.84,131.186.37.84,443,https,,,JP,Tokyo,https://131.186.37.84,ORACLE-BMC-31898
https://150.230.207.166,150.230.207.166,443,https,,,JP,Tokyo,https://150.230.207.166,ORACLE-BMC-31898
https://158.101.157.98,158.101.157.98,443,https,,,JP,Tokyo,https://158.101.157.98,ORACLE-BMC-31898
https://158.101.137.108,158.101.137.108,443,https,,,JP,Tokyo,https://158.101.137.108,ORACLE-BMC-31898
https://168.138.33.152,168.138.33.152,443,https,,,JP,Osaka,https://168.138.33.152,ORACLE-BMC-31898
https://168.138.37.152,168.138.37.152,443,https,,,JP,Osaka,https://168.138.37.152,ORACLE-BMC-31898
https://150.230.100.43,150.230.100.43,443,https,,,JP,Tokyo,https://150.230.100.43,ORACLE-BMC-31898
64.110.101.125:443,64.110.101.125,443,http,,,JP,Osaka,http://64.110.101.125:443,ORACLE-BMC-31898
https://168.138.52.29,168.138.52.29,443,https,,,JP,Osaka,https://168.138.52.29,ORACLE-BMC-31898
https://150.230.57.42:80,150.230.57.42,80,https,,,JP,Osaka,https://150.230.57.42:80,ORACLE-BMC-31898
https://140.83.32.86,140.83.32.86,443,https,,,JP,Tokyo,https://140.83.32.86,ORACLE-BMC-31898
https://152.70.107.16:8080,152.70.107.16,8080,https,,,JP,Tokyo,https://152.70.107.16:8080,ORACLE-BMC-31898
https://152.70.107.16:8080,152.70.107.16,8080,https,403 Forbidden,,JP,Tokyo,https://152.70.107.16:8080,ORACLE-BMC-31898
https://jp.690711.us.kg,132.145.116.185,443,https,,us.kg,JP,Tokyo,https://jp.690711.us.kg,ORACLE-BMC-31898
140.83.62.178:60000,140.83.62.178,60000,http,,,JP,Osaka,http://140.83.62.178:60000,ORACLE-BMC-31898
140.83.62.178:7000,140.83.62.178,7000,http,,,JP,Osaka,http://140.83.62.178:7000,ORACLE-BMC-31898
140.83.57.116:8443,140.83.57.116,8443,http,,,JP,Osaka,http://140.83.57.116:8443,ORACLE-BMC-31898
152.69.199.70:8443,152.69.199.70,8443,http,,,JP,Osaka,http://152.69.199.70:8443,ORACLE-BMC-31898
https://138.3.214.175:8443,138.3.214.175,8443,https,,,JP,Tokyo,https://138.3.214.175:8443,ORACLE-BMC-31898
https://168.138.41.216:8443,168.138.41.216,8443,https,,,JP,Osaka,https://168.138.41.216:8443,ORACLE-BMC-31898
https://131.186.32.192:8443,131.186.32.192,8443,https,,,JP,Tokyo,https://131.186.32.192:8443,ORACLE-BMC-31898
https://150.230.204.141:8443,150.230.204.141,8443,https,,,JP,Tokyo,https://150.230.204.141:8443,ORACLE-BMC-31898
https://138.2.36.157:8443,138.2.36.157,8443,https,,,JP,Osaka,https://138.2.36.157:8443,ORACLE-BMC-31898
https://138.2.15.230,138.2.15.230,443,https,403 Forbidden,,JP,Tokyo,https://138.2.15.230,ORACLE-BMC-31898
158.101.95.22:9002,158.101.95.22,9002,http,,,JP,Tokyo,http://158.101.95.22:9002,ORACLE-BMC-31898
140.83.62.178:40000,140.83.62.178,40000,http,,,JP,Osaka,http://140.83.62.178:40000,ORACLE-BMC-31898
158.101.154.245:47001,158.101.154.245,47001,http,,,JP,Tokyo,http://158.101.154.245:47001,ORACLE-BMC-31898
https://132.226.11.209:9443,132.226.11.209,9443,https,,,JP,Tokyo,https://132.226.11.209:9443,ORACLE-BMC-31898
https://168.138.192.236:9443,168.138.192.236,9443,https,,,JP,Tokyo,https://168.138.192.236:9443,ORACLE-BMC-31898
138.2.49.197:587,138.2.49.197,587,http,,,JP,Osaka,http://138.2.49.197:587,ORACLE-BMC-31898
https://168.138.42.237:9443,168.138.42.237,9443,https,,,JP,Osaka,https://168.138.42.237:9443,ORACLE-BMC-31898
138.3.216.18:587,138.3.216.18,587,http,,,JP,Tokyo,http://138.3.216.18:587,ORACLE-BMC-31898
141.147.185.196:587,141.147.185.196,587,http,,,JP,Tokyo,http://141.147.185.196:587,ORACLE-BMC-31898
https://132.226.10.37,132.226.10.37,443,https,,,JP,Tokyo,https://132.226.10.37,ORACLE-BMC-31898
https://132.226.10.37,132.226.10.37,443,https,403 Forbidden,,JP,Tokyo,https://132.226.10.37,ORACLE-BMC-31898
https://138.2.56.246,138.2.56.246,443,https,,,JP,Osaka,https://138.2.56.246,ORACLE-BMC-31898
https://141.147.152.166,141.147.152.166,443,https,,,JP,Osaka,https://141.147.152.166,ORACLE-BMC-31898
https://150.230.209.61,150.230.209.61,443,https,,,JP,Tokyo,https://150.230.209.61,ORACLE-BMC-31898
https://150.230.209.61,150.230.209.61,443,https,403 Forbidden,,JP,Tokyo,https://150.230.209.61,ORACLE-BMC-31898
https://64.110.104.30,64.110.104.30,443,https,,,JP,Osaka,https://64.110.104.30,ORACLE-BMC-31898
https://152.70.110.16,152.70.110.16,443,https,403 Forbidden,,JP,Tokyo,https://152.70.110.16,ORACLE-BMC-31898
https://152.70.110.16,152.70.110.16,443,https,,,JP,Tokyo,https://152.70.110.16,ORACLE-BMC-31898
https://138.2.2.91,138.2.2.91,443,https,403 Forbidden,,JP,Tokyo,https://138.2.2.91,ORACLE-BMC-31898
https://152.70.100.89,152.70.100.89,443,https,,,JP,Tokyo,https://152.70.100.89,ORACLE-BMC-31898
https://138.2.2.91,138.2.2.91,443,https,,,JP,Tokyo,https://138.2.2.91,ORACLE-BMC-31898
150.230.107.70:587,150.230.107.70,587,http,,,JP,Tokyo,http://150.230.107.70:587,ORACLE-BMC-31898
https://138.2.6.39,138.2.6.39,443,https,,,JP,Tokyo,https://138.2.6.39,ORACLE-BMC-31898
https://138.2.6.39,138.2.6.39,443,https,403 Forbidden,,JP,Tokyo,https://138.2.6.39,ORACLE-BMC-31898
https://150.230.207.188,150.230.207.188,443,https,,,JP,Tokyo,https://150.230.207.188,ORACLE-BMC-31898
https://141.147.163.68,141.147.163.68,443,https,,,JP,Tokyo,https://141.147.163.68,ORACLE-BMC-31898
168.138.195.24:587,168.138.195.24,587,http,,,JP,Tokyo,http://168.138.195.24:587,ORACLE-BMC-31898
138.2.0.134:444,138.2.0.134,444,http,,,JP,Tokyo,http://138.2.0.134:444,ORACLE-BMC-31898
https://168.138.42.138:444,168.138.42.138,444,https,,,JP,Osaka,https://168.138.42.138:444,ORACLE-BMC-31898
158.101.93.192:20201,158.101.93.192,20201,http,AKTV 高清高速數碼電視轉播站,,JP,Tokyo,http://158.101.93.192:20201,ORACLE-BMC-31898
168.138.201.26:10000,168.138.201.26,10000,http,,,JP,Tokyo,http://168.138.201.26:10000,ORACLE-BMC-31898
https://158.101.158.41:10443,158.101.158.41,10443,https,,,JP,Tokyo,https://158.101.158.41:10443,ORACLE-BMC-31898
https://138.2.53.250:8080,138.2.53.250,8080,https,乐乐网络科技,,JP,Osaka,https://138.2.53.250:8080,ORACLE-BMC-31898
https://138.2.53.250:8080,138.2.53.250,8080,https,,,JP,Osaka,https://138.2.53.250:8080,ORACLE-BMC-31898
https://141.147.144.246:8080,141.147.144.246,8080,https,403 Forbidden,,JP,Osaka,https://141.147.144.246:8080,ORACLE-BMC-31898
https://141.147.144.246:8080,141.147.144.246,8080,https,,,JP,Osaka,https://141.147.144.246:8080,ORACLE-BMC-31898
https://138.2.15.230,138.2.15.230,443,https,,,JP,Tokyo,https://138.2.15.230,ORACLE-BMC-31898
https://131.186.60.210:8080,131.186.60.210,8080,https,,,JP,Tokyo,https://131.186.60.210:8080,ORACLE-BMC-31898
https://158.101.147.106:10443,158.101.147.106,10443,https,,,JP,Tokyo,https://158.101.147.106:10443,ORACLE-BMC-31898
https://155.248.171.31,155.248.171.31,443,https,,,JP,Tokyo,https://155.248.171.31,ORACLE-BMC-31898
https://168.138.193.200,168.138.193.200,443,https,,,JP,Tokyo,https://168.138.193.200,ORACLE-BMC-31898
https://131.186.37.92,131.186.37.92,443,https,,,JP,Tokyo,https://131.186.37.92,ORACLE-BMC-31898
https://138.2.6.171,138.2.6.171,443,https,,,JP,Tokyo,https://138.2.6.171,ORACLE-BMC-31898
https://152.69.199.120,152.69.199.120,443,https,403 Forbidden,,JP,Osaka,https://152.69.199.120,ORACLE-BMC-31898
https://140.83.87.219,140.83.87.219,443,https,,,JP,Osaka,https://140.83.87.219,ORACLE-BMC-31898
https://155.248.168.174,155.248.168.174,443,https,,,JP,Tokyo,https://155.248.168.174,ORACLE-BMC-31898
168.138.204.44:587,168.138.204.44,587,http,,,JP,Tokyo,http://168.138.204.44:587,ORACLE-BMC-31898
https://138.2.28.233,138.2.28.233,443,https,,,JP,Tokyo,https://138.2.28.233,ORACLE-BMC-31898
140.83.62.178:10000,140.83.62.178,10000,http,,,JP,Osaka,http://140.83.62.178:10000,ORACLE-BMC-31898
140.238.38.81:587,140.238.38.81,587,http,,,JP,Tokyo,http://140.238.38.81:587,ORACLE-BMC-31898
https://141.147.182.224:2053,141.147.182.224,2053,https,,,JP,Tokyo,https://141.147.182.224:2053,ORACLE-BMC-31898
https://trinitycollegedublin.eu.org,168.138.41.87,443,https,,trinitycollegedublin.eu.org,JP,Osaka,https://trinitycollegedublin.eu.org,ORACLE-BMC-31898
140.83.62.178:2000,140.83.62.178,2000,http,,,JP,Osaka,http://140.83.62.178:2000,ORACLE-BMC-31898
138.2.48.2:8181,138.2.48.2,8181,http,Claude,,JP,Osaka,http://138.2.48.2:8181,ORACLE-BMC-31898
138.2.48.2:8181,138.2.48.2,8181,http,,,JP,Osaka,http://138.2.48.2:8181,ORACLE-BMC-31898
https://140.83.34.214:8443,140.83.34.214,8443,https,,,JP,Tokyo,https://140.83.34.214:8443,ORACLE-BMC-31898
https://132.145.127.203:8443,132.145.127.203,8443,https,,,JP,Tokyo,https://132.145.127.203:8443,ORACLE-BMC-31898
https://140.238.62.170:8443,140.238.62.170,8443,https,,,JP,Tokyo,https://140.238.62.170:8443,ORACLE-BMC-31898
168.138.47.238:8443,168.138.47.238,8443,http,,,JP,Osaka,http://168.138.47.238:8443,ORACLE-BMC-31898
https://140.83.59.238,140.83.59.238,443,https,403 Forbidden,,JP,Osaka,https://140.83.59.238,ORACLE-BMC-31898
https://140.238.38.31:8443,140.238.38.31,8443,https,403 Forbidden,,JP,Tokyo,https://140.238.38.31:8443,ORACLE-BMC-31898
https://140.238.38.31:8443,140.238.38.31,8443,https,,,JP,Tokyo,https://140.238.38.31:8443,ORACLE-BMC-31898
https://138.2.57.135:8443,138.2.57.135,8443,https,403 Forbidden,,JP,Osaka,https://138.2.57.135:8443,ORACLE-BMC-31898
https://138.2.57.135:8443,138.2.57.135,8443,https,,,JP,Osaka,https://138.2.57.135:8443,ORACLE-BMC-31898
168.138.197.97:8443,168.138.197.97,8443,http,,,JP,Tokyo,http://168.138.197.97:8443,ORACLE-BMC-31898
https://141.147.153.229:8443,141.147.153.229,8443,https,,,JP,Osaka,https://141.147.153.229:8443,ORACLE-BMC-31898
150.230.5.93:8181,150.230.5.93,8181,http,,,JP,Osaka,http://150.230.5.93:8181,ORACLE-BMC-31898
https://193.123.161.248:2052,193.123.161.248,2052,https,,,JP,Tokyo,https://193.123.161.248:2052,ORACLE-BMC-31898
https://131.186.33.175,131.186.33.175,443,https,,,JP,Tokyo,https://131.186.33.175,ORACLE-BMC-31898
141.147.144.2:8181,141.147.144.2,8181,http,,,JP,Osaka,http://141.147.144.2:8181,ORACLE-BMC-31898
https://140.83.59.238,140.83.59.238,443,https,,,JP,Osaka,https://140.83.59.238,ORACLE-BMC-31898
141.147.144.2:8181,141.147.144.2,8181,http,Claude,,JP,Osaka,http://141.147.144.2:8181,ORACLE-BMC-31898
https://ora.ealvn09.top,138.2.62.209,443,https,,ealvn09.top,JP,Osaka,https://ora.ealvn09.top,ORACLE-BMC-31898
https://140.238.39.149,140.238.39.149,443,https,,,JP,Tokyo,https://140.238.39.149,ORACLE-BMC-31898
https://64.110.108.247,64.110.108.247,443,https,,,JP,Osaka,https://64.110.108.247,ORACLE-BMC-31898
https://155.248.171.124,155.248.171.124,443,https,,,JP,Tokyo,https://155.248.171.124,ORACLE-BMC-31898
https://132.145.127.203:2053,132.145.127.203,2053,https,403 Forbidden,,JP,Tokyo,https://132.145.127.203:2053,ORACLE-BMC-31898
https://132.145.127.203:2053,132.145.127.203,2053,https,,,JP,Tokyo,https://132.145.127.203:2053,ORACLE-BMC-31898
https://141.147.152.166,141.147.152.166,443,https,403 Forbidden,,JP,Osaka,https://141.147.152.166,ORACLE-BMC-31898
https://jpc.xrz.tw,138.3.212.206,443,https,,xrz.tw,JP,Tokyo,https://jpc.xrz.tw,ORACLE-BMC-31898
https://138-2-40-33.nip.io,138.2.40.33,443,https,403 Forbidden,nip.io,JP,Osaka,https://138-2-40-33.nip.io,ORACLE-BMC-31898
https://141.147.169.245,141.147.169.245,443,https,403 Forbidden,,JP,Tokyo,https://141.147.169.245,ORACLE-BMC-31898
https://141.147.169.245,141.147.169.245,443,https,,,JP,Tokyo,https://141.147.169.245,ORACLE-BMC-31898
131.186.57.144:8181,131.186.57.144,8181,http,,,JP,Tokyo,http://131.186.57.144:8181,ORACLE-BMC-31898
https://152.70.99.251,152.70.99.251,443,https,,,JP,Tokyo,https://152.70.99.251,ORACLE-BMC-31898
isteels.com,141.147.162.132,80,http,,isteels.com,JP,Tokyo,http://isteels.com,ORACLE-BMC-31898
https://138.2.50.0,138.2.50.0,443,https,,,JP,Osaka,https://138.2.50.0,ORACLE-BMC-31898
140.83.32.156:8181,140.83.32.156,8181,http,Claude,,JP,Tokyo,http://140.83.32.156:8181,ORACLE-BMC-31898
https://141.147.174.196,141.147.174.196,443,https,403 Forbidden,,JP,Tokyo,https://141.147.174.196,ORACLE-BMC-31898
https://141.147.174.196,141.147.174.196,443,https,,,JP,Tokyo,https://141.147.174.196,ORACLE-BMC-31898
140.83.32.156:8181,140.83.32.156,8181,http,,,JP,Tokyo,http://140.83.32.156:8181,ORACLE-BMC-31898
64.110.100.168:8181,64.110.100.168,8181,http,Claude,,JP,Osaka,http://64.110.100.168:8181,ORACLE-BMC-31898
https://158.101.150.73:2222,158.101.150.73,2222,https,403 Forbidden,,JP,Tokyo,https://158.101.150.73:2222,ORACLE-BMC-31898
https://140.238.51.167,140.238.51.167,443,https,403 Forbidden,,JP,Tokyo,https://140.238.51.167,ORACLE-BMC-31898
https://140.238.51.167,140.238.51.167,443,https,,,JP,Tokyo,https://140.238.51.167,ORACLE-BMC-31898
https://140-238-39-149.nip.io,140.238.39.149,443,https,403 Forbidden,nip.io,JP,Tokyo,https://140-238-39-149.nip.io,ORACLE-BMC-31898
https://155.248.184.83,155.248.184.83,443,https,,,JP,Tokyo,https://155.248.184.83,ORACLE-BMC-31898
140.238.49.45:8181,140.238.49.45,8181,http,,,JP,Tokyo,http://140.238.49.45:8181,ORACLE-BMC-31898
https://64.110.107.50,64.110.107.50,443,https,403 Forbidden,,JP,Osaka,https://64.110.107.50,ORACLE-BMC-31898
https://64.110.107.50,64.110.107.50,443,https,,,JP,Osaka,https://64.110.107.50,ORACLE-BMC-31898
https://141.147.159.247,141.147.159.247,443,https,,,JP,Osaka,https://141.147.159.247,ORACLE-BMC-31898
64.110.100.168:8181,64.110.100.168,8181,http,,,JP,Osaka,http://64.110.100.168:8181,ORACLE-BMC-31898
158.101.150.73:2222,158.101.150.73,2222,http,,,JP,Tokyo,http://158.101.150.73:2222,ORACLE-BMC-31898
www.syantw.us.kg,64.110.107.183,80,http,,us.kg,JP,Osaka,http://www.syantw.us.kg,ORACLE-BMC-31898
https://158.101.151.25,158.101.151.25,443,https,403 Forbidden,,JP,Tokyo,https://158.101.151.25,ORACLE-BMC-31898
168.138.212.196:2096,168.138.212.196,2096,http,,,JP,Tokyo,http://168.138.212.196:2096,ORACLE-BMC-31898
158.101.95.22:9001,158.101.95.22,9001,http,302 Found,,JP,Tokyo,http://158.101.95.22:9001,ORACLE-BMC-31898
https://168.138.193.200,168.138.193.200,443,https,403 Forbidden,,JP,Tokyo,https://168.138.193.200,ORACLE-BMC-31898
https://138.2.44.131,138.2.44.131,443,https,,,JP,Osaka,https://138.2.44.131,ORACLE-BMC-31898
64.110.101.31:8888,64.110.101.31,8888,http,,,JP,Osaka,http://64.110.101.31:8888,ORACLE-BMC-31898
https://140.238.58.129,140.238.58.129,443,https,403 Forbidden,,JP,Tokyo,https://140.238.58.129,ORACLE-BMC-31898
https://155.248.176.213,155.248.176.213,443,https,403 Forbidden,,JP,Tokyo,https://155.248.176.213,ORACLE-BMC-31898
https://152.70.103.218,152.70.103.218,443,https,403 Forbidden,,JP,Tokyo,https://152.70.103.218,ORACLE-BMC-31898
https://138.2.50.0,138.2.50.0,443,https,403 Forbidden,,JP,Osaka,https://138.2.50.0,ORACLE-BMC-31898
https://168.138.208.208:2222,168.138.208.208,2222,https,403 Forbidden,,JP,Tokyo,https://168.138.208.208:2222,ORACLE-BMC-31898
https://158.101.153.210,158.101.153.210,443,https,403 Forbidden,,JP,Tokyo,https://158.101.153.210,ORACLE-BMC-31898
https://131.186.42.210,131.186.42.210,443,https,403 Forbidden,,JP,Tokyo,https://131.186.42.210,ORACLE-BMC-31898
https://131.186.35.251,131.186.35.251,443,https,403 Forbidden,,JP,Tokyo,https://131.186.35.251,ORACLE-BMC-31898
https://heli.yjij.org,141.147.152.254,443,https,,yjij.org,JP,Osaka,https://heli.yjij.org,ORACLE-BMC-31898
https://rupe.923101.xyz,150.230.207.188,443,https,,923101.xyz,JP,Tokyo,https://rupe.923101.xyz,ORACLE-BMC-31898
https://138.3.212.218,138.3.212.218,443,https,403 Forbidden,,JP,Tokyo,https://138.3.212.218,ORACLE-BMC-31898
https://132.226.6.172,132.226.6.172,443,https,403 Forbidden,,JP,Tokyo,https://132.226.6.172,ORACLE-BMC-31898
https://168.138.52.52:2086,168.138.52.52,2086,https,,,JP,Osaka,https://168.138.52.52:2086,ORACLE-BMC-31898
https://140.238.58.129,140.238.58.129,443,https,,,JP,Tokyo,https://140.238.58.129,ORACLE-BMC-31898
https://141.147.147.180,141.147.147.180,443,https,,,JP,Osaka,https://141.147.147.180,ORACLE-BMC-31898
168.138.208.208:2222,168.138.208.208,2222,http,,,JP,Tokyo,http://168.138.208.208:2222,ORACLE-BMC-31898
https://158.101.153.210,158.101.153.210,443,https,,,JP,Tokyo,https://158.101.153.210,ORACLE-BMC-31898
https://141.147.154.214,141.147.154.214,443,https,,,JP,Osaka,https://141.147.154.214,ORACLE-BMC-31898
https://152.70.103.218,152.70.103.218,443,https,,,JP,Tokyo,https://152.70.103.218,ORACLE-BMC-31898
https://138.3.212.218,138.3.212.218,443,https,,,JP,Tokyo,https://138.3.212.218,ORACLE-BMC-31898
https://138.2.38.192,138.2.38.192,443,https,403 Forbidden,,JP,Osaka,https://138.2.38.192,ORACLE-BMC-31898
https://132.145.122.39,132.145.122.39,443,https,403 Forbidden,,JP,Tokyo,https://132.145.122.39,ORACLE-BMC-31898
138.2.18.82:8880,138.2.18.82,8880,http,,,JP,Tokyo,http://138.2.18.82:8880,ORACLE-BMC-31898
https://150.230.218.34,150.230.218.34,443,https,403 Forbidden,,JP,Tokyo,https://150.230.218.34,ORACLE-BMC-31898
https://138.2.40.33,138.2.40.33,443,https,403 Forbidden,,JP,Osaka,https://138.2.40.33,ORACLE-BMC-31898
https://138-2-40-33.nip.io,138.2.40.33,443,https,,nip.io,JP,Osaka,https://138-2-40-33.nip.io,ORACLE-BMC-31898
https://138.2.62.209,138.2.62.209,443,https,,,JP,Osaka,https://138.2.62.209,ORACLE-BMC-31898
https://140.83.34.97,140.83.34.97,443,https,403 Forbidden,,JP,Tokyo,https://140.83.34.97,ORACLE-BMC-31898
https://140.83.34.97,140.83.34.97,443,https,,,JP,Tokyo,https://140.83.34.97,ORACLE-BMC-31898
https://141.147.174.243,141.147.174.243,443,https,403 Forbidden,,JP,Tokyo,https://141.147.174.243,ORACLE-BMC-31898
https://141.147.174.243,141.147.174.243,443,https,,,JP,Tokyo,https://141.147.174.243,ORACLE-BMC-31898
131.186.60.210:443,131.186.60.210,443,http,,,JP,Tokyo,http://131.186.60.210:443,ORACLE-BMC-31898
https://168.138.52.103,168.138.52.103,443,https,403 Forbidden,,JP,Osaka,https://168.138.52.103,ORACLE-BMC-31898
https://168.138.52.103,168.138.52.103,443,https,,,JP,Osaka,https://168.138.52.103,ORACLE-BMC-31898
https://132.226.7.85,132.226.7.85,443,https,403 Forbidden,,JP,Tokyo,https://132.226.7.85,ORACLE-BMC-31898
https://132.226.7.85,132.226.7.85,443,https,,,JP,Tokyo,https://132.226.7.85,ORACLE-BMC-31898
https://150.230.61.118,150.230.61.118,443,https,403 Forbidden,,JP,Osaka,https://150.230.61.118,ORACLE-BMC-31898
152.70.101.24:16923,152.70.101.24,16923,http,,,JP,Tokyo,http://152.70.101.24:16923,ORACLE-BMC-31898
https://150.230.61.118,150.230.61.118,443,https,,,JP,Osaka,https://150.230.61.118,ORACLE-BMC-31898
https://64.110.104.251,64.110.104.251,443,https,,,JP,Osaka,https://64.110.104.251,ORACLE-BMC-31898
https://138.2.36.3,138.2.36.3,443,https,,,JP,Osaka,https://138.2.36.3,ORACLE-BMC-31898
https://141.147.162.58,141.147.162.58,443,https,,,JP,Tokyo,https://141.147.162.58,ORACLE-BMC-31898
https://193.123.165.213,193.123.165.213,443,https,403 Forbidden,,JP,Tokyo,https://193.123.165.213,ORACLE-BMC-31898
https://193.123.165.213,193.123.165.213,443,https,,,JP,Tokyo,https://193.123.165.213,ORACLE-BMC-31898
https://152.69.205.46,152.69.205.46,443,https,,,JP,Osaka,https://152.69.205.46,ORACLE-BMC-31898
https://152.69.193.198,152.69.193.198,443,https,403 Forbidden,,JP,Osaka,https://152.69.193.198,ORACLE-BMC-31898
https://141.147.184.121,141.147.184.121,443,https,403 Forbidden,,JP,Tokyo,https://141.147.184.121,ORACLE-BMC-31898
https://141.147.184.121,141.147.184.121,443,https,,,JP,Tokyo,https://141.147.184.121,ORACLE-BMC-31898
https://158.101.131.4,158.101.131.4,443,https,403 Forbidden,,JP,Tokyo,https://158.101.131.4,ORACLE-BMC-31898
https://131.186.32.192:8443,131.186.32.192,8443,https,403 Forbidden,,JP,Tokyo,https://131.186.32.192:8443,ORACLE-BMC-31898
https://138.2.36.167,138.2.36.167,443,https,,,JP,Osaka,https://138.2.36.167,ORACLE-BMC-31898
https://158.101.85.31,158.101.85.31,443,https,403 Forbidden,,JP,Tokyo,https://158.101.85.31,ORACLE-BMC-31898
https://150.230.97.125,150.230.97.125,443,https,,,JP,Tokyo,https://150.230.97.125,ORACLE-BMC-31898
https://150.230.97.125,150.230.97.125,443,https,403 Forbidden,,JP,Tokyo,https://150.230.97.125,ORACLE-BMC-31898
https://aroma-bianca.com,155.248.171.112,443,https,エロ漫画-ビアンカ,aroma-bianca.com,JP,Tokyo,https://aroma-bianca.com,ORACLE-BMC-31898
aroma-bianca.com,155.248.171.112,80,http,エロ漫画-ビアンカ,aroma-bianca.com,JP,Tokyo,http://aroma-bianca.com,ORACLE-BMC-31898
150.230.5.50:4000,150.230.5.50,4000,http,,,JP,Osaka,http://150.230.5.50:4000,ORACLE-BMC-31898
https://138.3.212.206,138.3.212.206,443,https,,,JP,Tokyo,https://138.3.212.206,ORACLE-BMC-31898
https://138.2.32.6,138.2.32.6,443,https,Page not found &#8211; 931G Available,,JP,Osaka,https://138.2.32.6,ORACLE-BMC-31898
https://140.83.50.165,140.83.50.165,443,https,,,JP,Osaka,https://140.83.50.165,ORACLE-BMC-31898
https://138.2.34.81,138.2.34.81,443,https,,,JP,Osaka,https://138.2.34.81,ORACLE-BMC-31898
https://138.2.42.68,138.2.42.68,443,https,403 Forbidden,,JP,Osaka,https://138.2.42.68,ORACLE-BMC-31898
https://138.2.42.68,138.2.42.68,443,https,,,JP,Osaka,https://138.2.42.68,ORACLE-BMC-31898
https://168.138.41.28,168.138.41.28,443,https,,,JP,Osaka,https://168.138.41.28,ORACLE-BMC-31898
https://64.110.111.86,64.110.111.86,443,https,,,JP,Osaka,https://64.110.111.86,ORACLE-BMC-31898
https://168.138.192.236:9443,168.138.192.236,9443,https,403 Forbidden,,JP,Tokyo,https://168.138.192.236:9443,ORACLE-BMC-31898
https://132.226.11.209:9443,132.226.11.209,9443,https,403 Forbidden,,JP,Tokyo,https://132.226.11.209:9443,ORACLE-BMC-31898
https://158.101.95.65,158.101.95.65,443,https,,,JP,Tokyo,https://158.101.95.65,ORACLE-BMC-31898
cpanel.dlsitenews.com,155.248.187.121,80,http,cPanel 登录,dlsitenews.com,JP,Tokyo,http://cpanel.dlsitenews.com,ORACLE-BMC-31898
https://webdisk.dlsitenews.com,155.248.187.121,443,https,,dlsitenews.com,JP,Tokyo,https://webdisk.dlsitenews.com,ORACLE-BMC-31898
webdisk.dlsitenews.com,155.248.187.121,80,http,,dlsitenews.com,JP,Tokyo,http://webdisk.dlsitenews.com,ORACLE-BMC-31898
https://mail.dlsitenews.com,155.248.187.121,443,https,DLsite通信  |  超最新の同人誌を毎日紹介！！ジャンルごとのチェックも可能！当ブログは、プロモーションを含みます。,dlsitenews.com,JP,Tokyo,https://mail.dlsitenews.com,ORACLE-BMC-31898
https://dlsitenews.avtuver.com,155.248.187.121,443,https,,avtuver.com,JP,Tokyo,https://dlsitenews.avtuver.com,ORACLE-BMC-31898
https://cpcalendars.dlsitenews.com,155.248.187.121,443,https,Moved Permanently,dlsitenews.com,JP,Tokyo,https://cpcalendars.dlsitenews.com,ORACLE-BMC-31898
https://155.248.178.58:80,155.248.178.58,80,https,,,JP,Tokyo,https://155.248.178.58:80,ORACLE-BMC-31898
https://141.147.163.253,141.147.163.253,443,https,403 Forbidden,,JP,Tokyo,https://141.147.163.253,ORACLE-BMC-31898
https://140.83.38.172,140.83.38.172,443,https,403 Forbidden,,JP,Tokyo,https://140.83.38.172,ORACLE-BMC-31898
https://150.230.100.241,150.230.100.241,443,https,403 Forbidden,,JP,Tokyo,https://150.230.100.241,ORACLE-BMC-31898
https://152.70.105.128,152.70.105.128,443,https,403 Forbidden,,JP,Tokyo,https://152.70.105.128,ORACLE-BMC-31898
https://152.70.86.162,152.70.86.162,443,https,,,JP,Osaka,https://152.70.86.162,ORACLE-BMC-31898
https://141.147.163.253,141.147.163.253,443,https,,,JP,Tokyo,https://141.147.163.253,ORACLE-BMC-31898
https://138.2.32.6,138.2.32.6,443,https,,,JP,Osaka,https://138.2.32.6,ORACLE-BMC-31898
https://168.138.46.67,168.138.46.67,443,https,,,JP,Osaka,https://168.138.46.67,ORACLE-BMC-31898
https://141.147.148.72,141.147.148.72,443,https,,,JP,Osaka,https://141.147.148.72,ORACLE-BMC-31898
https://64.110.99.17,64.110.99.17,443,https,,,JP,Osaka,https://64.110.99.17,ORACLE-BMC-31898
https://150.230.100.241,150.230.100.241,443,https,,,JP,Tokyo,https://150.230.100.241,ORACLE-BMC-31898
https://140.238.51.81,140.238.51.81,443,https,,,JP,Tokyo,https://140.238.51.81,ORACLE-BMC-31898
https://138.3.209.104,138.3.209.104,443,https,,,JP,Tokyo,https://138.3.209.104,ORACLE-BMC-31898
https://152.70.105.128,152.70.105.128,443,https,,,JP,Tokyo,https://152.70.105.128,ORACLE-BMC-31898
https://150.230.218.34,150.230.218.34,443,https,,,JP,Tokyo,https://150.230.218.34,ORACLE-BMC-31898
https://huwo.top,138.2.8.192,443,https,虎窝小栈 - 个人互联网收藏夹,huwo.top,JP,Tokyo,https://huwo.top,ORACLE-BMC-31898
https://152.69.206.126,152.69.206.126,443,https,,,JP,Osaka,https://152.69.206.126,ORACLE-BMC-31898
https://150.230.59.55,150.230.59.55,443,https,,,JP,Osaka,https://150.230.59.55,ORACLE-BMC-31898
https://158.101.130.217,158.101.130.217,443,https,,,JP,Tokyo,https://158.101.130.217,ORACLE-BMC-31898
https://168.138.51.16,168.138.51.16,443,https,,,JP,Osaka,https://168.138.51.16,ORACLE-BMC-31898
https://138.3.208.174,138.3.208.174,443,https,,,JP,Tokyo,https://138.3.208.174,ORACLE-BMC-31898
https://158.101.151.25,158.101.151.25,443,https,,,JP,Tokyo,https://158.101.151.25,ORACLE-BMC-31898
https://168.138.41.87,168.138.41.87,443,https,,,JP,Osaka,https://168.138.41.87,ORACLE-BMC-31898
https://132.145.122.39,132.145.122.39,443,https,,,JP,Tokyo,https://132.145.122.39,ORACLE-BMC-31898
https://138.2.38.192,138.2.38.192,443,https,,,JP,Osaka,https://138.2.38.192,ORACLE-BMC-31898
https://sb.zjh.cloudns.ch,168.138.215.63,443,https,,cloudns.ch,JP,Tokyo,https://sb.zjh.cloudns.ch,ORACLE-BMC-31898
https://herta.dev,140.238.42.70,443,https,,herta.dev,JP,Tokyo,https://herta.dev,ORACLE-BMC-31898
https://amd1.372010.xyz,141.147.158.230,443,https,城一化工企业模板,372010.xyz,JP,Osaka,https://amd1.372010.xyz,ORACLE-BMC-31898
https://168.138.42.138:444,168.138.42.138,444,https,403 Forbidden,,JP,Osaka,https://168.138.42.138:444,ORACLE-BMC-31898
herta.dev,140.238.42.70,80,http,,herta.dev,JP,Tokyo,http://herta.dev,ORACLE-BMC-31898
140.83.62.178:20000,140.83.62.178,20000,http,,,JP,Osaka,http://140.83.62.178:20000,ORACLE-BMC-31898
amd1.372010.xyz,141.147.158.230,80,http,,372010.xyz,JP,Osaka,http://amd1.372010.xyz,ORACLE-BMC-31898
152.70.82.70:1450,152.70.82.70,1450,http,,,JP,Osaka,http://152.70.82.70:1450,ORACLE-BMC-31898
158.101.144.28:50000,158.101.144.28,50000,http,AKTV 高清高速數碼電視轉播站,,JP,Tokyo,http://158.101.144.28:50000,ORACLE-BMC-31898
150.230.202.26:587,150.230.202.26,587,http,,,JP,Tokyo,http://150.230.202.26:587,ORACLE-BMC-31898
https://3x-ui.geili.me,158.101.130.117,443,https,,geili.me,JP,Tokyo,https://3x-ui.geili.me,ORACLE-BMC-31898
https://155.248.178.58:80,155.248.178.58,80,https,403 Forbidden,,JP,Tokyo,https://155.248.178.58:80,ORACLE-BMC-31898
https://138.2.2.82:1111,138.2.2.82,1111,https,,,JP,Tokyo,https://138.2.2.82:1111,ORACLE-BMC-31898
https://138.2.2.82:1111,138.2.2.82,1111,https,403 Forbidden,,JP,Tokyo,https://138.2.2.82:1111,ORACLE-BMC-31898
https://s2.zen.cn,138.2.32.163,443,https,,zen.cn,JP,Osaka,https://s2.zen.cn,ORACLE-BMC-31898
131.186.57.144:8181,131.186.57.144,8181,http,Claude,,JP,Tokyo,http://131.186.57.144:8181,ORACLE-BMC-31898
https://193.123.161.248:2052,193.123.161.248,2052,https,403 Forbidden,,JP,Tokyo,https://193.123.161.248:2052,ORACLE-BMC-31898
https://158.101.150.73:6666,158.101.150.73,6666,https,403 Forbidden,,JP,Tokyo,https://158.101.150.73:6666,ORACLE-BMC-31898
158.101.150.73:6666,158.101.150.73,6666,http,,,JP,Tokyo,http://158.101.150.73:6666,ORACLE-BMC-31898
https://168.138.202.49:5443,168.138.202.49,5443,https,403 Forbidden,,JP,Tokyo,https://168.138.202.49:5443,ORACLE-BMC-31898
152.70.101.24:17000,152.70.101.24,17000,http,,,JP,Tokyo,http://152.70.101.24:17000,ORACLE-BMC-31898
https://140.83.33.151,140.83.33.151,443,https,403 Forbidden,,JP,Tokyo,https://140.83.33.151,ORACLE-BMC-31898
https://168.138.202.49:5443,168.138.202.49,5443,https,,,JP,Tokyo,https://168.138.202.49:5443,ORACLE-BMC-31898
https://141.147.172.235,141.147.172.235,443,https,403 Forbidden,,JP,Tokyo,https://141.147.172.235,ORACLE-BMC-31898
https://141.147.172.235,141.147.172.235,443,https,,,JP,Tokyo,https://141.147.172.235,ORACLE-BMC-31898
jptg.zykid.top,155.248.172.92,80,http,,zykid.top,JP,Tokyo,http://jptg.zykid.top,ORACLE-BMC-31898
https://168.138.223.5,168.138.223.5,443,https,403 Forbidden,,JP,Tokyo,https://168.138.223.5,ORACLE-BMC-31898
https://138.2.3.51,138.2.3.51,443,https,403 Forbidden,,JP,Tokyo,https://138.2.3.51,ORACLE-BMC-31898
https://158.101.86.101,158.101.86.101,443,https,403 Forbidden,,JP,Tokyo,https://158.101.86.101,ORACLE-BMC-31898
https://155.248.167.120,155.248.167.120,443,https,403 Forbidden,,JP,Tokyo,https://155.248.167.120,ORACLE-BMC-31898
https://64.110.108.247,64.110.108.247,443,https,403 Forbidden,,JP,Osaka,https://64.110.108.247,ORACLE-BMC-31898
https://138.2.8.3,138.2.8.3,443,https,403 Forbidden,,JP,Tokyo,https://138.2.8.3,ORACLE-BMC-31898
https://168.138.223.5,168.138.223.5,443,https,,,JP,Tokyo,https://168.138.223.5,ORACLE-BMC-31898
https://138.2.3.51,138.2.3.51,443,https,,,JP,Tokyo,https://138.2.3.51,ORACLE-BMC-31898
https://141.147.185.245,141.147.185.245,443,https,,,JP,Tokyo,https://141.147.185.245,ORACLE-BMC-31898
https://155.248.167.120,155.248.167.120,443,https,,,JP,Tokyo,https://155.248.167.120,ORACLE-BMC-31898
https://138.2.8.3,138.2.8.3,443,https,,,JP,Tokyo,https://138.2.8.3,ORACLE-BMC-31898
140.238.62.82:1443,140.238.62.82,1443,http,,,JP,Tokyo,http://140.238.62.82:1443,ORACLE-BMC-31898
https://150.230.5.84,150.230.5.84,443,https,,,JP,Osaka,https://150.230.5.84,ORACLE-BMC-31898
https://152.69.193.198,152.69.193.198,443,https,,,JP,Osaka,https://152.69.193.198,ORACLE-BMC-31898
150.230.207.162:8800,150.230.207.162,8800,http,,,JP,Tokyo,http://150.230.207.162:8800,ORACLE-BMC-31898
https://155.248.185.86,155.248.185.86,443,https,,,JP,Tokyo,https://155.248.185.86,ORACLE-BMC-31898
https://168.138.52.29,168.138.52.29,443,https,403 Forbidden,,JP,Osaka,https://168.138.52.29,ORACLE-BMC-31898
https://131-186-47-15.nip.io,131.186.47.15,443,https,403 Forbidden,nip.io,JP,Tokyo,https://131-186-47-15.nip.io,ORACLE-BMC-31898
158.101.95.22:9001,158.101.95.22,9001,http,,,JP,Tokyo,http://158.101.95.22:9001,ORACLE-BMC-31898
https://150-230-100-43.nip.io,150.230.100.43,443,https,403 Forbidden,nip.io,JP,Tokyo,https://150-230-100-43.nip.io,ORACLE-BMC-31898
https://168.138.41.216:8443,168.138.41.216,8443,https,403 Forbidden,,JP,Osaka,https://168.138.41.216:8443,ORACLE-BMC-31898
https://150.230.204.141:8443,150.230.204.141,8443,https,403 Forbidden,,JP,Tokyo,https://150.230.204.141:8443,ORACLE-BMC-31898
https://193.123.162.244,193.123.162.244,443,https,403 Forbidden,,JP,Tokyo,https://193.123.162.244,ORACLE-BMC-31898
https://193.123.162.244,193.123.162.244,443,https,,,JP,Tokyo,https://193.123.162.244,ORACLE-BMC-31898
https://pandaj.pp.ua,168.138.41.87,443,https,,pandaj.pp.ua,JP,Osaka,https://pandaj.pp.ua,ORACLE-BMC-31898
https://140.238.33.220:58443,140.238.33.220,58443,https,403 Forbidden,,JP,Tokyo,https://140.238.33.220:58443,ORACLE-BMC-31898
https://140.238.33.220:58443,140.238.33.220,58443,https,,,JP,Tokyo,https://140.238.33.220:58443,ORACLE-BMC-31898
https://158.101.89.113:58443,158.101.89.113,58443,https,403 Forbidden,,JP,Tokyo,https://158.101.89.113:58443,ORACLE-BMC-31898
https://158.101.89.113:58443,158.101.89.113,58443,https,,,JP,Tokyo,https://158.101.89.113:58443,ORACLE-BMC-31898
https://bearhole.top,64.110.104.30,443,https,DNS points to prohibited IP | bearhole.top | Cloudflare,bearhole.top,JP,Osaka,https://bearhole.top,ORACLE-BMC-31898
https://138.2.4.75,138.2.4.75,443,https,403 Forbidden,,JP,Tokyo,https://138.2.4.75,ORACLE-BMC-31898
https://138.2.1.115,138.2.1.115,443,https,403 Forbidden,,JP,Tokyo,https://138.2.1.115,ORACLE-BMC-31898
https://132.226.2.234,132.226.2.234,443,https,403 Forbidden,,JP,Tokyo,https://132.226.2.234,ORACLE-BMC-31898
https://158.101.69.58,158.101.69.58,443,https,403 Forbidden,,JP,Tokyo,https://158.101.69.58,ORACLE-BMC-31898
https://140.238.49.120,140.238.49.120,443,https,,,JP,Tokyo,https://140.238.49.120,ORACLE-BMC-31898
https://138.2.4.75,138.2.4.75,443,https,,,JP,Tokyo,https://138.2.4.75,ORACLE-BMC-31898
https://158.101.140.114,158.101.140.114,443,https,,,JP,Tokyo,https://158.101.140.114,ORACLE-BMC-31898
https://132.145.124.174,132.145.124.174,443,https,,,JP,Tokyo,https://132.145.124.174,ORACLE-BMC-31898
https://152.70.82.119,152.70.82.119,443,https,,,JP,Osaka,https://152.70.82.119,ORACLE-BMC-31898
https://138.2.1.115,138.2.1.115,443,https,,,JP,Tokyo,https://138.2.1.115,ORACLE-BMC-31898
https://155.248.178.25,155.248.178.25,443,https,403 Forbidden,,JP,Tokyo,https://155.248.178.25,ORACLE-BMC-31898
https://132.226.2.234,132.226.2.234,443,https,,,JP,Tokyo,https://132.226.2.234,ORACLE-BMC-31898
https://158.101.69.58,158.101.69.58,443,https,,,JP,Tokyo,https://158.101.69.58,ORACLE-BMC-31898
https://155.248.178.25,155.248.178.25,443,https,,,JP,Tokyo,https://155.248.178.25,ORACLE-BMC-31898
https://155.248.171.124,155.248.171.124,443,https,403 Forbidden,,JP,Tokyo,https://155.248.171.124,ORACLE-BMC-31898
https://138.2.34.81,138.2.34.81,443,https,403 Forbidden,,JP,Osaka,https://138.2.34.81,ORACLE-BMC-31898
64.110.103.142:587,64.110.103.142,587,http,,,JP,Osaka,http://64.110.103.142:587,ORACLE-BMC-31898
https://158.101.158.41:10443,158.101.158.41,10443,https,野生吧备用云盘,,JP,Tokyo,https://158.101.158.41:10443,ORACLE-BMC-31898
https://158.101.141.78,158.101.141.78,443,https,403 Forbidden,,JP,Tokyo,https://158.101.141.78,ORACLE-BMC-31898
https://193.123.161.248:8443,193.123.161.248,8443,https,403 Forbidden,,JP,Tokyo,https://193.123.161.248:8443,ORACLE-BMC-31898
https://140.238.43.174:9999,140.238.43.174,9999,https,,,JP,Tokyo,https://140.238.43.174:9999,ORACLE-BMC-31898
https://141.147.153.229:8443,141.147.153.229,8443,https,403 Forbidden,,JP,Osaka,https://141.147.153.229:8443,ORACLE-BMC-31898
https://140.238.62.170:8443,140.238.62.170,8443,https,403 Forbidden,,JP,Tokyo,https://140.238.62.170:8443,ORACLE-BMC-31898
https://jp1.bearhole.top,64.110.104.30,443,https,DNS points to prohibited IP | jp1.bearhole.top | Cloudflare,bearhole.top,JP,Osaka,https://jp1.bearhole.top,ORACLE-BMC-31898
https://131.186.59.73,131.186.59.73,443,https,403 Forbidden,,JP,Tokyo,https://131.186.59.73,ORACLE-BMC-31898
https://131.186.59.73,131.186.59.73,443,https,,,JP,Tokyo,https://131.186.59.73,ORACLE-BMC-31898
https://150.230.102.132,150.230.102.132,443,https,403 Forbidden,,JP,Tokyo,https://150.230.102.132,ORACLE-BMC-31898
https://168.138.51.16,168.138.51.16,443,https,403 Forbidden,,JP,Osaka,https://168.138.51.16,ORACLE-BMC-31898
https://sb.167074.xyz,141.147.184.160,443,https,DNS points to prohibited IP | sb.167074.xyz | Cloudflare,167074.xyz,JP,Tokyo,https://sb.167074.xyz,ORACLE-BMC-31898
laozi.dedao.us.kg,64.110.106.176,80,http,无何有之乡,us.kg,JP,Osaka,http://laozi.dedao.us.kg,ORACLE-BMC-31898
https://138.2.28.233,138.2.28.233,443,https,403 Forbidden,,JP,Tokyo,https://138.2.28.233,ORACLE-BMC-31898
https://150.230.204.156,150.230.204.156,443,https,403 Forbidden,,JP,Tokyo,https://150.230.204.156,ORACLE-BMC-31898
https://150.230.204.156,150.230.204.156,443,https,,,JP,Tokyo,https://150.230.204.156,ORACLE-BMC-31898
https://150.230.216.127,150.230.216.127,443,https,403 Forbidden,,JP,Tokyo,https://150.230.216.127,ORACLE-BMC-31898
https://150.230.216.127,150.230.216.127,443,https,,,JP,Tokyo,https://150.230.216.127,ORACLE-BMC-31898
https://141.147.174.39,141.147.174.39,443,https,,,JP,Tokyo,https://141.147.174.39,ORACLE-BMC-31898
https://141.147.162.73,141.147.162.73,443,https,403 Forbidden,,JP,Tokyo,https://141.147.162.73,ORACLE-BMC-31898
https://141.147.174.43,141.147.174.43,443,https,403 Forbidden,,JP,Tokyo,https://141.147.174.43,ORACLE-BMC-31898
https://141.147.174.43,141.147.174.43,443,https,,,JP,Tokyo,https://141.147.174.43,ORACLE-BMC-31898
https://150.230.195.50,150.230.195.50,443,https,403 Forbidden,,JP,Tokyo,https://150.230.195.50,ORACLE-BMC-31898
https://150.230.195.50,150.230.195.50,443,https,,,JP,Tokyo,https://150.230.195.50,ORACLE-BMC-31898
https://152.70.108.51,152.70.108.51,443,https,403 Forbidden,,JP,Tokyo,https://152.70.108.51,ORACLE-BMC-31898
https://152.70.108.51,152.70.108.51,443,https,,,JP,Tokyo,https://152.70.108.51,ORACLE-BMC-31898
https://141.147.174.39,141.147.174.39,443,https,403 Forbidden,,JP,Tokyo,https://141.147.174.39,ORACLE-BMC-31898
https://jp1.ysw6.eu.org,141.147.178.1,443,https,,ysw6.eu.org,JP,Tokyo,https://jp1.ysw6.eu.org,ORACLE-BMC-31898
https://141.147.161.242,141.147.161.242,443,https,403 Forbidden,,JP,Tokyo,https://141.147.161.242,ORACLE-BMC-31898
https://150.230.5.84,150.230.5.84,443,https,403 Forbidden,,JP,Osaka,https://150.230.5.84,ORACLE-BMC-31898
152.70.101.24:16993,152.70.101.24,16993,http,,,JP,Tokyo,http://152.70.101.24:16993,ORACLE-BMC-31898
https://138.2.21.196:44333,138.2.21.196,44333,https,403 Forbidden,,JP,Tokyo,https://138.2.21.196:44333,ORACLE-BMC-31898
https://138.2.21.196:44333,138.2.21.196,44333,https,,,JP,Tokyo,https://138.2.21.196:44333,ORACLE-BMC-31898
https://zeldas.link,132.226.8.58,443,https,,zeldas.link,JP,Tokyo,https://zeldas.link,ORACLE-BMC-31898
https://155.248.179.82,155.248.179.82,443,https,403 Forbidden,,JP,Tokyo,https://155.248.179.82,ORACLE-BMC-31898
https://155.248.179.82,155.248.179.82,443,https,,,JP,Tokyo,https://155.248.179.82,ORACLE-BMC-31898
https://138.2.18.250,138.2.18.250,443,https,,,JP,Tokyo,https://138.2.18.250,ORACLE-BMC-31898
138.2.47.72:48002,138.2.47.72,48002,http,,,JP,Osaka,http://138.2.47.72:48002,ORACLE-BMC-31898
132.226.14.215:443,132.226.14.215,443,http,,,JP,Tokyo,http://132.226.14.215:443,ORACLE-BMC-31898
https://138.3.221.25,138.3.221.25,443,https,403 Forbidden,,JP,Tokyo,https://138.3.221.25,ORACLE-BMC-31898
138.3.221.25:443,138.3.221.25,443,http,,,JP,Tokyo,http://138.3.221.25:443,ORACLE-BMC-31898
https://140.83.87.219,140.83.87.219,443,https,403 Forbidden,,JP,Osaka,https://140.83.87.219,ORACLE-BMC-31898
150.230.209.3:443,150.230.209.3,443,http,,,JP,Tokyo,http://150.230.209.3:443,ORACLE-BMC-31898
https://138.2.12.164,138.2.12.164,443,https,,,JP,Tokyo,https://138.2.12.164,ORACLE-BMC-31898
https://155.248.161.236,155.248.161.236,443,https,,,JP,Tokyo,https://155.248.161.236,ORACLE-BMC-31898
https://168.138.37.152,168.138.37.152,443,https,403 Forbidden,,JP,Osaka,https://168.138.37.152,ORACLE-BMC-31898
https://158.101.157.74,158.101.157.74,443,https,,,JP,Tokyo,https://158.101.157.74,ORACLE-BMC-31898
z.fortis931.icu,138.2.32.6,80,http,Page not found &#8211; 931G Available,fortis931.icu,JP,Osaka,http://z.fortis931.icu,ORACLE-BMC-31898
https://z.fortis931.icu,138.2.32.6,443,https,Page not found &#8211; 931G Available,fortis931.icu,JP,Osaka,https://z.fortis931.icu,ORACLE-BMC-31898
https://140.83.39.136,140.83.39.136,443,https,,,JP,Tokyo,https://140.83.39.136,ORACLE-BMC-31898
https://131.186.35.251,131.186.35.251,443,https,,,JP,Tokyo,https://131.186.35.251,ORACLE-BMC-31898
https://141.147.187.217,141.147.187.217,443,https,,,JP,Tokyo,https://141.147.187.217,ORACLE-BMC-31898
https://131.186.34.51,131.186.34.51,443,https,,,JP,Tokyo,https://131.186.34.51,ORACLE-BMC-31898
152.70.101.24:16316,152.70.101.24,16316,http,,,JP,Tokyo,http://152.70.101.24:16316,ORACLE-BMC-31898
https://150.230.207.188,150.230.207.188,443,https,403 Forbidden,,JP,Tokyo,https://150.230.207.188,ORACLE-BMC-31898
https://168.138.41.87,168.138.41.87,443,https,403 Forbidden,,JP,Osaka,https://168.138.41.87,ORACLE-BMC-31898
https://140.238.55.89,140.238.55.89,443,https,403 Forbidden,,JP,Tokyo,https://140.238.55.89,ORACLE-BMC-31898
https://141.147.168.36,141.147.168.36,443,https,403 Forbidden,,JP,Tokyo,https://141.147.168.36,ORACLE-BMC-31898
https://152.70.82.119,152.70.82.119,443,https,403 Forbidden,,JP,Osaka,https://152.70.82.119,ORACLE-BMC-31898
https://140.238.51.81,140.238.51.81,443,https,403 Forbidden,,JP,Tokyo,https://140.238.51.81,ORACLE-BMC-31898
https://168.138.41.28,168.138.41.28,443,https,403 Forbidden,,JP,Osaka,https://168.138.41.28,ORACLE-BMC-31898
https://132.145.124.174,132.145.124.174,443,https,403 Forbidden,,JP,Tokyo,https://132.145.124.174,ORACLE-BMC-31898
https://140.83.50.165,140.83.50.165,443,https,403 Forbidden,,JP,Osaka,https://140.83.50.165,ORACLE-BMC-31898
https://155.248.174.16,155.248.174.16,443,https,403 Forbidden,,JP,Tokyo,https://155.248.174.16,ORACLE-BMC-31898
https://152.70.99.251,152.70.99.251,443,https,403 Forbidden,,JP,Tokyo,https://152.70.99.251,ORACLE-BMC-31898
https://168.138.208.208:6666,168.138.208.208,6666,https,403 Forbidden,,JP,Tokyo,https://168.138.208.208:6666,ORACLE-BMC-31898
168.138.208.208:6666,168.138.208.208,6666,http,,,JP,Tokyo,http://168.138.208.208:6666,ORACLE-BMC-31898
https://150.230.221.205,150.230.221.205,443,https,403 Forbidden,,JP,Tokyo,https://150.230.221.205,ORACLE-BMC-31898
https://158.101.95.65,158.101.95.65,443,https,403 Forbidden,,JP,Tokyo,https://158.101.95.65,ORACLE-BMC-31898
https://132.226.11.38,132.226.11.38,443,https,403 Forbidden,,JP,Tokyo,https://132.226.11.38,ORACLE-BMC-31898
https://138.3.212.206,138.3.212.206,443,https,403 Forbidden,,JP,Tokyo,https://138.3.212.206,ORACLE-BMC-31898
https://141.147.163.68,141.147.163.68,443,https,403 Forbidden,,JP,Tokyo,https://141.147.163.68,ORACLE-BMC-31898
https://138.2.44.131,138.2.44.131,443,https,403 Forbidden,,JP,Osaka,https://138.2.44.131,ORACLE-BMC-31898
https://168.138.217.146,168.138.217.146,443,https,403 Forbidden,,JP,Tokyo,https://168.138.217.146,ORACLE-BMC-31898
https://panel.z13225240.us.kg,64.110.108.118,443,https,DNS points to prohibited IP | panel.z13225240.us.kg | Cloudflare,us.kg,JP,Osaka,https://panel.z13225240.us.kg,ORACLE-BMC-31898
https://140.238.55.89,140.238.55.89,443,https,,,JP,Tokyo,https://140.238.55.89,ORACLE-BMC-31898
https://141.147.168.36,141.147.168.36,443,https,,,JP,Tokyo,https://141.147.168.36,ORACLE-BMC-31898
https://trinitycollegedublin.eu.org,168.138.41.87,443,https,,trinitycollegedublin.eu.org,JP,Osaka,https://trinitycollegedublin.eu.org,ORACLE-BMC-31898
https://pandaj.pp.ua,168.138.41.87,443,https,,pandaj.pp.ua,JP,Osaka,https://pandaj.pp.ua,ORACLE-BMC-31898
https://155.248.174.16,155.248.174.16,443,https,,,JP,Tokyo,https://155.248.174.16,ORACLE-BMC-31898
https://132.226.11.38,132.226.11.38,443,https,,,JP,Tokyo,https://132.226.11.38,ORACLE-BMC-31898
https://168.138.217.146,168.138.217.146,443,https,,,JP,Tokyo,https://168.138.217.146,ORACLE-BMC-31898
https://150.230.206.237:9710,150.230.206.237,9710,https,,,JP,Tokyo,https://150.230.206.237:9710,ORACLE-BMC-31898
https://150.230.206.237:9710,150.230.206.237,9710,https,403 Forbidden,,JP,Tokyo,https://150.230.206.237:9710,ORACLE-BMC-31898
64.110.104.251,64.110.104.251,80,http,,,JP,Osaka,http://64.110.104.251,ORACLE-BMC-31898
https://138.2.21.240:12345,138.2.21.240,12345,https,403 Forbidden,,JP,Tokyo,https://138.2.21.240:12345,ORACLE-BMC-31898
https://138.2.21.240:12345,138.2.21.240,12345,https,,,JP,Tokyo,https://138.2.21.240:12345,ORACLE-BMC-31898
152.70.101.24:16800,152.70.101.24,16800,http,,,JP,Tokyo,http://152.70.101.24:16800,ORACLE-BMC-31898
https://158.101.147.106:10443,158.101.147.106,10443,https,403 Forbidden,,JP,Tokyo,https://158.101.147.106:10443,ORACLE-BMC-31898
141.147.155.5:54443,141.147.155.5,54443,http,,,JP,Osaka,http://141.147.155.5:54443,ORACLE-BMC-31898
https://141.147.182.224:2053,141.147.182.224,2053,https,403 Forbidden,,JP,Tokyo,https://141.147.182.224:2053,ORACLE-BMC-31898
141.147.151.154:3333,141.147.151.154,3333,http,Getting Started,,JP,Osaka,http://141.147.151.154:3333,ORACLE-BMC-31898
https://158-101-95-65.nip.io,158.101.95.65,443,https,403 Forbidden,nip.io,JP,Tokyo,https://158-101-95-65.nip.io,ORACLE-BMC-31898
155.248.184.163,155.248.184.163,80,http,最萌の云 - CuteCloud,,JP,Tokyo,http://155.248.184.163,ORACLE-BMC-31898
141.147.164.156,141.147.164.156,80,http,最萌の云 - CuteCloud,,JP,Tokyo,http://141.147.164.156,ORACLE-BMC-31898
140.83.82.88:1443,140.83.82.88,1443,http,,,JP,Osaka,http://140.83.82.88:1443,ORACLE-BMC-31898
https://155.248.185.214,155.248.185.214,443,https,403 Forbidden,,JP,Tokyo,https://155.248.185.214,ORACLE-BMC-31898
https://138.3.209.49,138.3.209.49,443,https,403 Forbidden,,JP,Tokyo,https://138.3.209.49,ORACLE-BMC-31898
https://141.147.184.177,141.147.184.177,443,https,403 Forbidden,,JP,Tokyo,https://141.147.184.177,ORACLE-BMC-31898
https://131.186.57.89,131.186.57.89,443,https,403 Forbidden,,JP,Tokyo,https://131.186.57.89,ORACLE-BMC-31898
https://155.248.162.168,155.248.162.168,443,https,403 Forbidden,,JP,Tokyo,https://155.248.162.168,ORACLE-BMC-31898
https://141.147.185.160,141.147.185.160,443,https,,,JP,Tokyo,https://141.147.185.160,ORACLE-BMC-31898
https://150.230.104.82,150.230.104.82,443,https,403 Forbidden,,JP,Tokyo,https://150.230.104.82,ORACLE-BMC-31898
https://155.248.185.214,155.248.185.214,443,https,,,JP,Tokyo,https://155.248.185.214,ORACLE-BMC-31898
https://138.3.209.49,138.3.209.49,443,https,,,JP,Tokyo,https://138.3.209.49,ORACLE-BMC-31898
https://141.147.184.177,141.147.184.177,443,https,,,JP,Tokyo,https://141.147.184.177,ORACLE-BMC-31898
https://131.186.57.89,131.186.57.89,443,https,,,JP,Tokyo,https://131.186.57.89,ORACLE-BMC-31898
https://140.83.32.130,140.83.32.130,443,https,,,JP,Tokyo,https://140.83.32.130,ORACLE-BMC-31898
https://155.248.162.168,155.248.162.168,443,https,,,JP,Tokyo,https://155.248.162.168,ORACLE-BMC-31898
150.230.5.93:8181,150.230.5.93,8181,http,Claude,,JP,Osaka,http://150.230.5.93:8181,ORACLE-BMC-31898
https://or2.z13225240.us.kg,168.138.55.208,443,https,DNS points to prohibited IP | or2.z13225240.us.kg | Cloudflare,us.kg,JP,Osaka,https://or2.z13225240.us.kg,ORACLE-BMC-31898
https://150.230.103.17:2086,150.230.103.17,2086,https,403 Forbidden,,JP,Tokyo,https://150.230.103.17:2086,ORACLE-BMC-31898
https://150.230.103.17:2086,150.230.103.17,2086,https,,,JP,Tokyo,https://150.230.103.17:2086,ORACLE-BMC-31898
https://155.248.184.163,155.248.184.163,443,https,最萌の云 - CuteCloud,,JP,Tokyo,https://155.248.184.163,ORACLE-BMC-31898
https://155.248.184.163,155.248.184.163,443,https,,,JP,Tokyo,https://155.248.184.163,ORACLE-BMC-31898
168.138.197.5:4499,168.138.197.5,4499,http,,,JP,Tokyo,http://168.138.197.5:4499,ORACLE-BMC-31898
https://141.147.164.156,141.147.164.156,443,https,,,JP,Tokyo,https://141.147.164.156,ORACLE-BMC-31898
152.70.97.254:443,152.70.97.254,443,http,,,JP,Tokyo,http://152.70.97.254:443,ORACLE-BMC-31898
app-cc1.cute-cloud.de,168.138.203.248,80,http,最萌の云 - CuteCloud,cute-cloud.de,JP,Tokyo,http://app-cc1.cute-cloud.de,ORACLE-BMC-31898
https://168.138.203.248,168.138.203.248,443,https,,,JP,Tokyo,https://168.138.203.248,ORACLE-BMC-31898
140.83.57.116:8443,140.83.57.116,8443,http,,,JP,Osaka,http://140.83.57.116:8443,ORACLE-BMC-31898
https://138.2.18.250,138.2.18.250,443,https,403 Forbidden,,JP,Tokyo,https://138.2.18.250,ORACLE-BMC-31898
https://155.248.184.83,155.248.184.83,443,https,403 Forbidden,,JP,Tokyo,https://155.248.184.83,ORACLE-BMC-31898
https://cloud.weetlies.kr,168.138.53.206,443,https,Default Site,weetlies.kr,JP,Osaka,https://cloud.weetlies.kr,ORACLE-BMC-31898
150.230.5.50:9001,150.230.5.50,9001,http,,,JP,Osaka,http://150.230.5.50:9001,ORACLE-BMC-31898
https://141.147.185.245,141.147.185.245,443,https,403 Forbidden,,JP,Tokyo,https://141.147.185.245,ORACLE-BMC-31898
cdn-server.cute-cloud.de,141.147.164.156,80,http,最萌の云 - CuteCloud,cute-cloud.de,JP,Tokyo,http://cdn-server.cute-cloud.de,ORACLE-BMC-31898
https://checkserver.cute-cloud.de,168.138.203.248,443,https,CuteCloud欢迎您 - 检测线路中...,cute-cloud.de,JP,Tokyo,https://checkserver.cute-cloud.de,ORACLE-BMC-31898
158.101.142.100:9443,158.101.142.100,9443,http,,,JP,Tokyo,http://158.101.142.100:9443,ORACLE-BMC-31898
https://appserver.cute-cloud.de,150.230.208.197,443,https,最萌の云 - CuteCloud,cute-cloud.de,JP,Tokyo,https://appserver.cute-cloud.de,ORACLE-BMC-31898
150.230.108.124:8832,150.230.108.124,8832,http,,,JP,Tokyo,http://150.230.108.124:8832,ORACLE-BMC-31898
https://64.110.111.86,64.110.111.86,443,https,403 Forbidden,,JP,Osaka,https://64.110.111.86,ORACLE-BMC-31898
https://138.2.36.3,138.2.36.3,443,https,403 Forbidden,,JP,Osaka,https://138.2.36.3,ORACLE-BMC-31898
150.230.208.197,150.230.208.197,80,http,最萌の云 - CuteCloud,,JP,Tokyo,http://150.230.208.197,ORACLE-BMC-31898
https://152.70.86.162,152.70.86.162,443,https,403 Forbidden,,JP,Osaka,https://152.70.86.162,ORACLE-BMC-31898
168.138.203.248,168.138.203.248,80,http,最萌の云 - CuteCloud,,JP,Tokyo,http://168.138.203.248,ORACLE-BMC-31898
https://150.230.215.204,150.230.215.204,443,https,403 Forbidden,,JP,Tokyo,https://150.230.215.204,ORACLE-BMC-31898
https://152.69.206.126,152.69.206.126,443,https,403 Forbidden,,JP,Osaka,https://152.69.206.126,ORACLE-BMC-31898
https://168.138.203.248,168.138.203.248,443,https,最萌の云 - CuteCloud,,JP,Tokyo,https://168.138.203.248,ORACLE-BMC-31898
https://150.230.208.197,150.230.208.197,443,https,最萌の云 - CuteCloud,,JP,Tokyo,https://150.230.208.197,ORACLE-BMC-31898
https://158.101.159.94,158.101.159.94,443,https,403 Forbidden,,JP,Tokyo,https://158.101.159.94,ORACLE-BMC-31898
https://138.2.23.76,138.2.23.76,443,https,403 Forbidden,,JP,Tokyo,https://138.2.23.76,ORACLE-BMC-31898
https://140.83.62.4,140.83.62.4,443,https,403 Forbidden,,JP,Osaka,https://140.83.62.4,ORACLE-BMC-31898
https://150.230.215.204,150.230.215.204,443,https,,,JP,Tokyo,https://150.230.215.204,ORACLE-BMC-31898
https://140.83.33.219,140.83.33.219,443,https,403 Forbidden,,JP,Tokyo,https://140.83.33.219,ORACLE-BMC-31898
https://155.248.170.232,155.248.170.232,443,https,403 Forbidden,,JP,Tokyo,https://155.248.170.232,ORACLE-BMC-31898
https://168.138.44.102,168.138.44.102,443,https,,,JP,Osaka,https://168.138.44.102,ORACLE-BMC-31898
https://158.101.159.94,158.101.159.94,443,https,,,JP,Tokyo,https://158.101.159.94,ORACLE-BMC-31898
https://150.230.208.197,150.230.208.197,443,https,,,JP,Tokyo,https://150.230.208.197,ORACLE-BMC-31898
https://168.138.216.18,168.138.216.18,443,https,403 Forbidden,,JP,Tokyo,https://168.138.216.18,ORACLE-BMC-31898
https://158.101.75.62,158.101.75.62,443,https,403 Forbidden,,JP,Tokyo,https://158.101.75.62,ORACLE-BMC-31898
https://150.230.199.243,150.230.199.243,443,https,403 Forbidden,,JP,Tokyo,https://150.230.199.243,ORACLE-BMC-31898
https://150.230.59.55,150.230.59.55,443,https,403 Forbidden,,JP,Osaka,https://150.230.59.55,ORACLE-BMC-31898
https://138.2.23.76,138.2.23.76,443,https,,,JP,Tokyo,https://138.2.23.76,ORACLE-BMC-31898
https://131.186.62.125,131.186.62.125,443,https,403 Forbidden,,JP,Tokyo,https://131.186.62.125,ORACLE-BMC-31898
https://141.147.164.156,141.147.164.156,443,https,最萌の云 - CuteCloud,,JP,Tokyo,https://141.147.164.156,ORACLE-BMC-31898
https://140.83.33.219,140.83.33.219,443,https,,,JP,Tokyo,https://140.83.33.219,ORACLE-BMC-31898
https://155.248.170.232,155.248.170.232,443,https,,,JP,Tokyo,https://155.248.170.232,ORACLE-BMC-31898
https://141.147.147.180,141.147.147.180,443,https,403 Forbidden,,JP,Osaka,https://141.147.147.180,ORACLE-BMC-31898
https://64.110.99.17,64.110.99.17,443,https,403 Forbidden,,JP,Osaka,https://64.110.99.17,ORACLE-BMC-31898
https://131.186.62.125,131.186.62.125,443,https,,,JP,Tokyo,https://131.186.62.125,ORACLE-BMC-31898
https://150-230-61-118.nip.io,150.230.61.118,443,https,403 Forbidden,nip.io,JP,Osaka,https://150-230-61-118.nip.io,ORACLE-BMC-31898
https://131.186.60.210:8080,131.186.60.210,8080,https,403 Forbidden,,JP,Tokyo,https://131.186.60.210:8080,ORACLE-BMC-31898
https://138.2.36.167,138.2.36.167,443,https,403 Forbidden,,JP,Osaka,https://138.2.36.167,ORACLE-BMC-31898
https://141.147.162.58,141.147.162.58,443,https,403 Forbidden,,JP,Tokyo,https://141.147.162.58,ORACLE-BMC-31898
https://64.110.104.251,64.110.104.251,443,https,,,JP,Osaka,https://64.110.104.251,ORACLE-BMC-31898
https://bearhole.top,64.110.104.30,443,https,,bearhole.top,JP,Osaka,https://bearhole.top,ORACLE-BMC-31898
https://150.230.6.108,150.230.6.108,443,https,,,JP,Osaka,https://150.230.6.108,ORACLE-BMC-31898
https://141.147.154.214,141.147.154.214,443,https,403 Forbidden,,JP,Osaka,https://141.147.154.214,ORACLE-BMC-31898
https://150.230.101.227,150.230.101.227,443,https,,,JP,Tokyo,https://150.230.101.227,ORACLE-BMC-31898
140.83.60.81:8443,140.83.60.81,8443,http,,,JP,Osaka,http://140.83.60.81:8443,ORACLE-BMC-31898
https://138.3.209.104,138.3.209.104,443,https,403 Forbidden,,JP,Tokyo,https://138.3.209.104,ORACLE-BMC-31898
https://140.83.34.214:8443,140.83.34.214,8443,https,403 Forbidden,,JP,Tokyo,https://140.83.34.214:8443,ORACLE-BMC-31898
168.138.47.238:8443,168.138.47.238,8443,http,,,JP,Osaka,http://168.138.47.238:8443,ORACLE-BMC-31898
140.83.56.229:30113,140.83.56.229,30113,http,,,JP,Osaka,http://140.83.56.229:30113,ORACLE-BMC-31898
https://jp2.166998.xyz,168.138.33.152,443,https,,166998.xyz,JP,Osaka,https://jp2.166998.xyz,ORACLE-BMC-31898
168.138.51.162:587,168.138.51.162,587,http,,,JP,Osaka,http://168.138.51.162:587,ORACLE-BMC-31898
https://152.70.102.222:5443,152.70.102.222,5443,https,403 Forbidden,,JP,Tokyo,https://152.70.102.222:5443,ORACLE-BMC-31898
https://152.70.102.222:5443,152.70.102.222,5443,https,,,JP,Tokyo,https://152.70.102.222:5443,ORACLE-BMC-31898
https://158.101.137.108,158.101.137.108,443,https,403 Forbidden,,JP,Tokyo,https://158.101.137.108,ORACLE-BMC-31898
https://140.238.49.120,140.238.49.120,443,https,403 Forbidden,,JP,Tokyo,https://140.238.49.120,ORACLE-BMC-31898
https://152.69.205.46,152.69.205.46,443,https,403 Forbidden,,JP,Osaka,https://152.69.205.46,ORACLE-BMC-31898
https://150.230.100.43,150.230.100.43,443,https,403 Forbidden,,JP,Tokyo,https://150.230.100.43,ORACLE-BMC-31898
https://168.138.33.152,168.138.33.152,443,https,403 Forbidden,,JP,Osaka,https://168.138.33.152,ORACLE-BMC-31898
https://141.147.171.147,141.147.171.147,443,https,,,JP,Tokyo,https://141.147.171.147,ORACLE-BMC-31898
https://150.230.102.52,150.230.102.52,443,https,403 Forbidden,,JP,Tokyo,https://150.230.102.52,ORACLE-BMC-31898
xai.yangyongdeyu.gq,138.2.25.73,80,http,,yangyongdeyu.gq,JP,Tokyo,http://xai.yangyongdeyu.gq,ORACLE-BMC-31898
https://xai.yangyongdeyu.gq,138.2.25.73,443,https,,yangyongdeyu.gq,JP,Tokyo,https://xai.yangyongdeyu.gq,ORACLE-BMC-31898
https://168.138.35.39,168.138.35.39,443,https,403 Forbidden,,JP,Osaka,https://168.138.35.39,ORACLE-BMC-31898
https://150.230.106.97,150.230.106.97,443,https,,,JP,Tokyo,https://150.230.106.97,ORACLE-BMC-31898
https://150.230.211.182,150.230.211.182,443,https,403 Forbidden,,JP,Tokyo,https://150.230.211.182,ORACLE-BMC-31898
https://168.138.35.39,168.138.35.39,443,https,,,JP,Osaka,https://168.138.35.39,ORACLE-BMC-31898
https://ngojp.zeroo.top,168.138.35.39,443,https,,zeroo.top,JP,Osaka,https://ngojp.zeroo.top,ORACLE-BMC-31898
https://150.230.211.182,150.230.211.182,443,https,,,JP,Tokyo,https://150.230.211.182,ORACLE-BMC-31898
https://pspc.199961.xyz,138.2.36.3,443,https,,199961.xyz,JP,Osaka,https://pspc.199961.xyz,ORACLE-BMC-31898
https://jp.bearhole.top,64.110.111.86,443,https,,bearhole.top,JP,Osaka,https://jp.bearhole.top,ORACLE-BMC-31898
a.travelers-encore.com,168.138.41.238,80,http,,travelers-encore.com,JP,Osaka,http://a.travelers-encore.com,ORACLE-BMC-31898
https://www.travelers-encore.com,168.138.41.238,443,https,,travelers-encore.com,JP,Osaka,https://www.travelers-encore.com,ORACLE-BMC-31898
152.70.101.24:16073,152.70.101.24,16073,http,,,JP,Tokyo,http://152.70.101.24:16073,ORACLE-BMC-31898
https://sc.langmanshanxi.top,138.2.51.87,443,https,,langmanshanxi.top,JP,Osaka,https://sc.langmanshanxi.top,ORACLE-BMC-31898
152.70.101.24:16087,152.70.101.24,16087,http,,,JP,Tokyo,http://152.70.101.24:16087,ORACLE-BMC-31898
152.70.101.24:16097,152.70.101.24,16097,http,,,JP,Tokyo,http://152.70.101.24:16097,ORACLE-BMC-31898
https://141.147.177.87,141.147.177.87,443,https,403 Forbidden,,JP,Tokyo,https://141.147.177.87,ORACLE-BMC-31898
152.70.101.24:16091,152.70.101.24,16091,http,,,JP,Tokyo,http://152.70.101.24:16091,ORACLE-BMC-31898
https://141.147.190.153,141.147.190.153,443,https,,,JP,Tokyo,https://141.147.190.153,ORACLE-BMC-31898
152.70.101.24:16072,152.70.101.24,16072,http,,,JP,Tokyo,http://152.70.101.24:16072,ORACLE-BMC-31898
anytype-server.us.kg,141.147.153.113,80,http,,us.kg,JP,Osaka,http://anytype-server.us.kg,ORACLE-BMC-31898
https://md.0852.uk,131.186.35.251,443,https,,0852.uk,JP,Tokyo,https://md.0852.uk,ORACLE-BMC-31898
152.70.101.24:16027,152.70.101.24,16027,http,,,JP,Tokyo,http://152.70.101.24:16027,ORACLE-BMC-31898
152.70.101.24:16049,152.70.101.24,16049,http,,,JP,Tokyo,http://152.70.101.24:16049,ORACLE-BMC-31898
152.70.101.24:16032,152.70.101.24,16032,http,,,JP,Tokyo,http://152.70.101.24:16032,ORACLE-BMC-31898
https://b.zjh.cloudns.ch,131.186.47.204,443,https,,cloudns.ch,JP,Tokyo,https://b.zjh.cloudns.ch,ORACLE-BMC-31898
https://155-248-171-124.nip.io,155.248.171.124,443,https,403 Forbidden,nip.io,JP,Tokyo,https://155-248-171-124.nip.io,ORACLE-BMC-31898
152.70.101.24:16601,152.70.101.24,16601,http,,,JP,Tokyo,http://152.70.101.24:16601,ORACLE-BMC-31898
https://pw.13171876.xyz,155.248.179.199,443,https,Vaultwarden Web,13171876.xyz,JP,Tokyo,https://pw.13171876.xyz,ORACLE-BMC-31898
150.230.5.50:9001,150.230.5.50,9001,http,Pandora,,JP,Osaka,http://150.230.5.50:9001,ORACLE-BMC-31898
152.70.101.24:16017,152.70.101.24,16017,http,,,JP,Tokyo,http://152.70.101.24:16017,ORACLE-BMC-31898
152.70.101.24:16036,152.70.101.24,16036,http,,,JP,Tokyo,http://152.70.101.24:16036,ORACLE-BMC-31898
152.70.101.24:16025,152.70.101.24,16025,http,,,JP,Tokyo,http://152.70.101.24:16025,ORACLE-BMC-31898
152.70.101.24:16084,152.70.101.24,16084,http,,,JP,Tokyo,http://152.70.101.24:16084,ORACLE-BMC-31898
https://140.238.39.149,140.238.39.149,443,https,403 Forbidden,,JP,Tokyo,https://140.238.39.149,ORACLE-BMC-31898
152.70.101.24:16009,152.70.101.24,16009,http,,,JP,Tokyo,http://152.70.101.24:16009,ORACLE-BMC-31898
152.70.101.24:16012,152.70.101.24,16012,http,,,JP,Tokyo,http://152.70.101.24:16012,ORACLE-BMC-31898
https://138.2.56.246,138.2.56.246,443,https,403 Forbidden,,JP,Osaka,https://138.2.56.246,ORACLE-BMC-31898
https://138.2.62.209,138.2.62.209,443,https,403 Forbidden,,JP,Osaka,https://138.2.62.209,ORACLE-BMC-31898
https://141.147.148.72,141.147.148.72,443,https,403 Forbidden,,JP,Osaka,https://141.147.148.72,ORACLE-BMC-31898
https://168.138.46.67,168.138.46.67,443,https,403 Forbidden,,JP,Osaka,https://168.138.46.67,ORACLE-BMC-31898
jp.terryball.us.kg,168.138.205.44,80,http,,us.kg,JP,Tokyo,http://jp.terryball.us.kg,ORACLE-BMC-31898
https://131.186.57.223,131.186.57.223,443,https,,,JP,Tokyo,https://131.186.57.223,ORACLE-BMC-31898
132.226.1.227:443,132.226.1.227,443,http,,,JP,Tokyo,http://132.226.1.227:443,ORACLE-BMC-31898
152.70.101.24:16063,152.70.101.24,16063,http,,,JP,Tokyo,http://152.70.101.24:16063,ORACLE-BMC-31898
152.70.101.24:16078,152.70.101.24,16078,http,,,JP,Tokyo,http://152.70.101.24:16078,ORACLE-BMC-31898
152.70.101.24:16008,152.70.101.24,16008,http,,,JP,Tokyo,http://152.70.101.24:16008,ORACLE-BMC-31898
https://chenmi.fun,168.138.212.52,443,https,,chenmi.fun,JP,Tokyo,https://chenmi.fun,ORACLE-BMC-31898
https://1pa.macang.pp.ua,140.83.63.189,443,https,,macang.pp.ua,JP,Osaka,https://1pa.macang.pp.ua,ORACLE-BMC-31898
152.70.101.24:16098,152.70.101.24,16098,http,,,JP,Tokyo,http://152.70.101.24:16098,ORACLE-BMC-31898
152.70.101.24:16003,152.70.101.24,16003,http,,,JP,Tokyo,http://152.70.101.24:16003,ORACLE-BMC-31898
152.70.101.24:16077,152.70.101.24,16077,http,,,JP,Tokyo,http://152.70.101.24:16077,ORACLE-BMC-31898
https://francisnglogo.dynv6.net,150.230.5.84,443,https,403 Forbidden,francisnglogo.dynv6.net,JP,Osaka,https://francisnglogo.dynv6.net,ORACLE-BMC-31898
152.70.101.24:16052,152.70.101.24,16052,http,,,JP,Tokyo,http://152.70.101.24:16052,ORACLE-BMC-31898
152.70.101.24:16053,152.70.101.24,16053,http,,,JP,Tokyo,http://152.70.101.24:16053,ORACLE-BMC-31898
152.70.101.24:16062,152.70.101.24,16062,http,,,JP,Tokyo,http://152.70.101.24:16062,ORACLE-BMC-31898
152.70.101.24:16066,152.70.101.24,16066,http,,,JP,Tokyo,http://152.70.101.24:16066,ORACLE-BMC-31898
152.70.101.24:16069,152.70.101.24,16069,http,,,JP,Tokyo,http://152.70.101.24:16069,ORACLE-BMC-31898
https://kjddd.souer1.us.kg,141.147.163.68,443,https,,us.kg,JP,Tokyo,https://kjddd.souer1.us.kg,ORACLE-BMC-31898
152.70.101.24:16080,152.70.101.24,16080,http,,,JP,Tokyo,http://152.70.101.24:16080,ORACLE-BMC-31898
152.70.101.24:16092,152.70.101.24,16092,http,,,JP,Tokyo,http://152.70.101.24:16092,ORACLE-BMC-31898
152.70.101.24:16054,152.70.101.24,16054,http,,,JP,Tokyo,http://152.70.101.24:16054,ORACLE-BMC-31898
152.70.101.24:16048,152.70.101.24,16048,http,,,JP,Tokyo,http://152.70.101.24:16048,ORACLE-BMC-31898
152.70.101.24:16055,152.70.101.24,16055,http,,,JP,Tokyo,http://152.70.101.24:16055,ORACLE-BMC-31898
152.70.101.24:16065,152.70.101.24,16065,http,,,JP,Tokyo,http://152.70.101.24:16065,ORACLE-BMC-31898
152.70.101.24:16050,152.70.101.24,16050,http,,,JP,Tokyo,http://152.70.101.24:16050,ORACLE-BMC-31898
152.70.101.24:16076,152.70.101.24,16076,http,,,JP,Tokyo,http://152.70.101.24:16076,ORACLE-BMC-31898
152.70.101.24:16089,152.70.101.24,16089,http,,,JP,Tokyo,http://152.70.101.24:16089,ORACLE-BMC-31898
https://140-238-51-81.nip.io,140.238.51.81,443,https,403 Forbidden,nip.io,JP,Tokyo,https://140-238-51-81.nip.io,ORACLE-BMC-31898
152.70.101.24:16079,152.70.101.24,16079,http,,,JP,Tokyo,http://152.70.101.24:16079,ORACLE-BMC-31898
152.70.101.24:16058,152.70.101.24,16058,http,,,JP,Tokyo,http://152.70.101.24:16058,ORACLE-BMC-31898
152.70.101.24:16057,152.70.101.24,16057,http,,,JP,Tokyo,http://152.70.101.24:16057,ORACLE-BMC-31898
152.70.101.24:16096,152.70.101.24,16096,http,,,JP,Tokyo,http://152.70.101.24:16096,ORACLE-BMC-31898
152.70.101.24:16095,152.70.101.24,16095,http,,,JP,Tokyo,http://152.70.101.24:16095,ORACLE-BMC-31898
152.70.101.24:16046,152.70.101.24,16046,http,,,JP,Tokyo,http://152.70.101.24:16046,ORACLE-BMC-31898
152.70.101.24:16051,152.70.101.24,16051,http,,,JP,Tokyo,http://152.70.101.24:16051,ORACLE-BMC-31898
152.70.101.24:16081,152.70.101.24,16081,http,,,JP,Tokyo,http://152.70.101.24:16081,ORACLE-BMC-31898
152.70.101.24:16064,152.70.101.24,16064,http,,,JP,Tokyo,http://152.70.101.24:16064,ORACLE-BMC-31898
152.70.101.24:16060,152.70.101.24,16060,http,,,JP,Tokyo,http://152.70.101.24:16060,ORACLE-BMC-31898
152.70.101.24:16004,152.70.101.24,16004,http,,,JP,Tokyo,http://152.70.101.24:16004,ORACLE-BMC-31898
152.70.101.24:16094,152.70.101.24,16094,http,,,JP,Tokyo,http://152.70.101.24:16094,ORACLE-BMC-31898
152.70.101.24:16099,152.70.101.24,16099,http,,,JP,Tokyo,http://152.70.101.24:16099,ORACLE-BMC-31898
152.70.101.24:16056,152.70.101.24,16056,http,,,JP,Tokyo,http://152.70.101.24:16056,ORACLE-BMC-31898
152.70.101.24:16059,152.70.101.24,16059,http,,,JP,Tokyo,http://152.70.101.24:16059,ORACLE-BMC-31898
152.70.101.24:16044,152.70.101.24,16044,http,,,JP,Tokyo,http://152.70.101.24:16044,ORACLE-BMC-31898
https://138.2.39.246,138.2.39.246,443,https,403 Forbidden,,JP,Osaka,https://138.2.39.246,ORACLE-BMC-31898
https://138.2.39.246,138.2.39.246,443,https,,,JP,Osaka,https://138.2.39.246,ORACLE-BMC-31898
152.70.101.24:16023,152.70.101.24,16023,http,,,JP,Tokyo,http://152.70.101.24:16023,ORACLE-BMC-31898
152.70.101.24:16005,152.70.101.24,16005,http,,,JP,Tokyo,http://152.70.101.24:16005,ORACLE-BMC-31898
152.70.101.24:16071,152.70.101.24,16071,http,,,JP,Tokyo,http://152.70.101.24:16071,ORACLE-BMC-31898
168.138.39.24:16071,168.138.39.24,16071,http,,,JP,Osaka,http://168.138.39.24:16071,ORACLE-BMC-31898
152.70.101.24:16093,152.70.101.24,16093,http,,,JP,Tokyo,http://152.70.101.24:16093,ORACLE-BMC-31898
152.70.101.24:16041,152.70.101.24,16041,http,,,JP,Tokyo,http://152.70.101.24:16041,ORACLE-BMC-31898
152.70.101.24:16042,152.70.101.24,16042,http,,,JP,Tokyo,http://152.70.101.24:16042,ORACLE-BMC-31898
152.70.101.24:16043,152.70.101.24,16043,http,,,JP,Tokyo,http://152.70.101.24:16043,ORACLE-BMC-31898
